{
	"location_ip": "0.0.0.0",
	"grpc_address": "localhost:50056",
	"heartbeat_every_seconds": 300,
	"register_center_address": "localhost:50051",	
	"MeanReverse": [{
		"source": "ctp",
		"account_id": "101065",
		"instrument_id": "rb2001",
		"exchange_id": "SHFE",
		"tick_price": 1,
		"trade_volume": 1,
		"contract_multiplier": 10,
		"watch_tick_numbers": 120,
		"continues_up": 9,
		"up_stop_limit": 0.04,
		"continues_down": -9,
		"down_stop_limit": -0.05,
		"waiting_for_seconds_then_cancel": 200,
		"take_profit_of_tick_price_count": 2,
		"stop_loss_of_tick_price_count": 5,
		"market_start_time": ["09:00:00","13:30:00","21:00:00"],
		"market_close_time": ["11:20:00","14:50:00","22:50:00"]
	},
	{
		"source": "ctp",
		"account_id": "101065",
		"instrument_id": "hc2001",
		"exchange_id": "SHFE",
		"tick_price": 1,
		"trade_volume": 1,
		"contract_multiplier": 10,
		"watch_tick_numbers": 120,
		"continues_up": 9,
		"up_stop_limit": 0.04,
		"continues_down": -9,
		"down_stop_limit": -0.05,
		"waiting_for_seconds_then_cancel": 200,
		"take_profit_of_tick_price_count": 2,
		"stop_loss_of_tick_price_count": 5,
		"market_start_time": ["09:00:00","13:30:00","21:00:00"],
		"market_close_time": ["11:20:00","14:50:00","22:50:00"]
	},
	{
		"source": "ctp",
		"account_id": "101065",
		"instrument_id": "m2001",
		"exchange_id": "DCE",
		"tick_price": 1,
		"trade_volume": 1,
		"contract_multiplier": 10,
		"watch_tick_numbers": 120,
		"continues_up": 8,
		"up_stop_limit": 0.04,
		"continues_down": -8,
		"down_stop_limit": -0.05,
		"waiting_for_seconds_then_cancel": 200,
		"take_profit_of_tick_price_count": 2,
		"stop_loss_of_tick_price_count": 5,
		"market_start_time": ["09:00:00","13:30:00","21:00:00"],
		"market_close_time": ["11:20:00","14:50:00","22:50:00"]
	},
	{
		"source": "ctp",
		"account_id": "101065",
		"instrument_id": "c2001",
		"exchange_id": "DCE",
		"tick_price": 1,
		"trade_volume": 1,
		"contract_multiplier": 10,
		"watch_tick_numbers": 120,
		"continues_up": 4,
		"up_stop_limit": 0.04,
		"continues_down": -4,
		"down_stop_limit": -0.05,
		"waiting_for_seconds_then_cancel": 200,
		"take_profit_of_tick_price_count": 1,
		"stop_loss_of_tick_price_count": 5,
		"market_start_time": ["09:00:00","13:30:00","21:00:00"],
		"market_close_time": ["11:20:00","14:50:00","22:50:00"]
	}
	]
}